pattern,response
hi,"Hello! How can I assist you today?"
hello,"Hi there! What information about solar panels in India can I provide you with?"
what are solar panels,"Solar panels are devices that convert sunlight into electricity using photovoltaic cells, widely used in India for residential and commercial purposes."
how do solar panels work,"In India, solar panels work by converting sunlight into electricity through photovoltaic cells, powering homes and businesses."
what is solar panel efficiency,"Most commercial solar panels in India have efficiencies between 15% and 20%, while premium models can reach up to 22%."
how efficient are solar panels,"The efficiency of solar panels in India typically ranges from 15% to 20%, with advanced panels achieving up to 22% under optimal conditions."
how much do solar panels cost,"Residential solar panels in India typically cost between ₹70,000 and ₹2,00,000 per kW installed, depending on type and installation complexity."
are solar panels expensive,"Though the initial cost may seem high, government subsidies and long-term savings on electricity bills make solar panels cost-effective in India."
how do you maintain solar panels,"In India, solar panels require minimal maintenance—usually periodic cleaning and annual inspections, especially in dusty areas."
do solar panels need maintenance,"Yes, occasional cleaning and annual inspections are recommended to maintain optimal performance in Indian conditions."
do solar panels work on cloudy days,"Yes, solar panels in India can still generate electricity on cloudy days, though their output is lower compared to sunny days."
do solar panels work at night,"Solar panels do not generate electricity at night; however, battery storage systems or grid-tied setups in India can supply power during non-sunny periods."
how long do solar panels last,"With proper maintenance, solar panels in India typically have a lifespan of 25 to 30 years."
what are the environmental benefits of solar energy,"Solar energy in India helps reduce dependency on fossil fuels, cuts carbon emissions, and promotes sustainable development."
can solar panels be installed on any roof,"Most roofs in India are suitable for solar panel installations, though factors like orientation and shading must be considered."
do solar panels require a lot of space,"The space required depends on your energy needs; rooftop installations in India are optimized to fit available space."
can solar panels withstand harsh weather conditions,"Solar panels in India are built to endure diverse weather conditions including monsoons, high temperatures, and dust storms."
are there government incentives for installing solar panels,"The Indian government offers various subsidies, tax credits, and incentives to promote solar installations for residential and commercial users."
how does shading affect solar panel performance,"Shading can significantly reduce solar panel performance; in India, proper site assessment is crucial to minimize shading issues."
can i use solar energy to power my entire home,"Yes, with a properly sized system and adequate sunlight, solar energy can power an entire home in India."
what happens if my solar panels produce more energy than i use,"Excess energy can often be fed back into the grid under India's net metering schemes, earning credits on your electricity bill."
do solar panels work in winter,"Solar panels operate efficiently in Indian winters, as lower temperatures can improve performance, although temporary drops may occur due to fog."
what is net metering,"Net metering in India allows solar users to feed surplus energy back into the grid, thereby reducing their electricity bills."
do solar panels increase home value,"Homes in India equipped with solar panels often see an increase in property value due to long-term energy savings."
what is a solar battery,"A solar battery stores excess energy generated by panels, providing power during non-sunny periods and is popular in India."
can solar panels charge electric cars,"Yes, solar panels in India, when combined with sufficient battery storage, can support charging electric vehicles."
what is the federal solar tax credit,"Various central and state government schemes in India provide financial incentives and tax benefits for solar installations."
how efficient are solar panels in rain,"During the rainy season in India, solar panels may experience a 10-30% drop in efficiency, but rain can also help clean the panels for improved performance afterward."
what is the payback period for solar panels,"In India, the typical payback period for residential solar installations ranges from 4 to 7 years, depending on usage and available incentives."
how to monitor solar panel performance,"Inverters with monitoring displays and mobile apps provided by manufacturers help track solar panel performance in India."
